Name,Category,Ingredients,Instructions,Garnish,Glass,Source
Pisco Sour,The Icons,"Barsol Quebranta Pisco, Lime, Sugar, Egg Whites","Combine pisco, lime, simple syrup, and egg white in a cocktail shaker without ice. Dry shake for 10 seconds. Add ice and shake again until chilled. Double strain into a chilled glass.",3 drops of Angostura bitters on the foam,Coupe or small rocks glass,The Bombay Canteen (Mumbai)
Penicillin,The Icons,"Dewar's Portuguese Smooth, Islay Scotch, Honey, Ginger, Lemon","Muddle fresh ginger in a shaker. Add blended scotch, lemon juice, and honey syrup. Shake with ice. Strain into a rocks glass over a large ice cube. Float Islay scotch on top.",Candied ginger or lemon peel,Rocks Glass,The Bombay Canteen (Mumbai)
Hotel Nacionale,The Icons,"Short Story Rum, Apricot, Pineapple, Citrus","Add rum, apricot liqueur, pineapple juice, and lime juice to a shaker with ice. Shake well. Strain into a chilled coupe glass.",Lime wheel or pineapple wedge,Coupe,The Bombay Canteen (Mumbai)
Bee's Knees,The Icons,"Short Story Gin, Himalayan Honey, Lemon","Combine gin, lemon juice, and honey syrup in a shaker with ice. Shake until well-chilled. Strain into a chilled cocktail glass.",Lemon twist,Coupe or Martini glass,The Bombay Canteen (Mumbai)
Paper Plane,The Icons,"Weller Special Reserve, Aperol, Amaro, Lemon","Combine bourbon, Aperol, Amaro Nonino, and fresh lemon juice in a shaker with ice. Shake until chilled. Strain into a chilled coupe glass.",None (or small paper plane),Coupe,The Bombay Canteen (Mumbai)
Tommy's Margarita,The Icons,"Camino Silver, Agave Nectar, Lime","Combine tequila, lime juice, and agave nectar in a shaker with ice. Shake well. Strain into a rocks glass filled with fresh ice.",Lime wheel,Rocks Glass,The Bombay Canteen (Mumbai)
Sazerac,Classic with a Twist,"Whisky (Blended/Rye), Cinnamon, Apple, Bitters","Rinse a chilled rocks glass with absinthe (optional) or use a cinnamon-apple reduction. Stir whiskey, simple syrup, and bitters with ice. Strain into the prepared glass.",Apple slice or lemon peel,Rocks Glass,PCO (New Delhi)
Chamomile Negroni,Signature,"Gin infused with Chamomile, Campari, Sweet Vermouth","Combine chamomile-infused gin, Campari, and sweet vermouth in a mixing glass with ice. Stir until chilled. Strain into a rocks glass over a large ice cube.",Dried chamomile flowers or orange peel,Rocks Glass,PCO (New Delhi)
Chawanprash Whisky Cocktail,Signature,"Whisky, Chawanprash (herbal jam), Spices",Incorporate Chawanprash into a whisky sour or old fashioned base. Shake or stir to ensure the jam is well-integrated.,Cinnamon stick,Rocks Glass,PCO (New Delhi)
Shoyu Ramen Cocktail,Signature (East Meets West),"Tequila, Sake, Shiro Miso, Savory elements",Combine tequila and sake with a shiro miso syrup. Shake with ice to balance the savory and sweet notes. Strain into a chilled glass.,Nori strip or savory garnish,Coupe or specialized ceramic,ZLB 23 (Bangalore)
Native (Local Ingredient Focused),Signature,"Local Himalayan flavors, seasonal fruits",Varies by season. Focus on hyper-local ingredients like sea buckthorn or wild berries.,Local botanical,Varies,ZLB 23 (Bangalore)
Turmeric Gin & Tonic,Infused Classics,"Turmeric-infused Gin, Orange Liqueur, Lime Juice, Tonic Water","Build the infused gin, orange liqueur, and lime juice in a highball glass over ice. Top with tonic water and stir gently.",Turmeric slice or orange wheel,Highball,The Library Bar (New Delhi)
Chilli Fellow,South Inspired,"Gin, fresh grapefruit juice, lime juice, Bellary chilli syrup, tonic water","Combine gin, grapefruit juice, lime juice, and chilli syrup in a shaker with ice. Shake well. Strain into a highball glass over fresh ice. Top with tonic water.",Fresh chilli or grapefruit slice,Highball,TOIT (Bangalore)
3am Chai,South Inspired,"Brandy, masala tea syrup, lime juice","Shake brandy, masala tea syrup, and lime juice with ice. Strain into a chilled glass.",Cinnamon stick or star anise,Rocks Glass or Coupe,TOIT (Bangalore)
Madikeri Sour,South Inspired,"Whisky, passion tea syrup, lime juice, egg white (optional)","Combine whisky, passion tea syrup, lime juice, and egg white (if using) in a shaker. Dry shake for 10 seconds. Add ice and shake again until chilled. Strain into a rocks glass.",Dried tea leaves or lemon twist,Rocks Glass,TOIT (Bangalore)
Mysuru Parimala,South Inspired,"White rum, clarified banana extract, lime juice, sandalwood bitters","Shake white rum, clarified banana, lime juice, and sandalwood bitters with ice. Strain into a chilled coupe or martini glass.",Edible flower or banana chip,Coupe,TOIT (Bangalore)
Full Toit Kaapi,South Inspired,"Vodka, vanilla ice cream, coffee, cream, butterscotch and vanilla syrup","Blend or shake vodka, vanilla ice cream, coffee, cream, and syrups together. Serve chilled.",Coffee beans or chocolate shavings,Highball or specialized coffee glass,TOIT (Bangalore)
BKK - BLR,Toit Legends,"Gin, homemade lemongrass syrup, strawberry syrup, tonic water",Combine gin and syrups in a highball glass filled with ice. Stir gently. Top with tonic water.,Lemongrass stalk or strawberry slice,Highball,TOIT (Bangalore)
Watermelon Sugar. Hi!,Toit Legends,"Vodka, chocolate syrup, cinnamon syrup, fresh watermelon, lemon juice",Muddle watermelon with lemon juice. Add vodka and syrups. Shake with ice. Strain into a chilled glass.,Watermelon wedge,Martini or Coupe,TOIT (Bangalore)
Kaapi Martini,Signature,"Aged rum, filter kaapi (coffee), Coffee liqueur","Shake aged rum, filter kaapi, and coffee liqueur with ice. Strain into a chilled martini glass.",Coffee beans,Martini Glass,Monkey Bar (Multiple Cities)
Mangaa,Signature,"Vodka, Aam Panna (raw mango), cumin, salt, soda",Combine vodka and Aam Panna in a glass with ice. Add cumin and salt. Stir well and top with soda.,Raw mango slice or mint sprig,Jam Jar or Highball,Monkey Bar (Multiple Cities)
Copper Monkey,Signature,"Whisky, orange juice, passion fruit, bitters, mint","Shake whisky, orange juice, and passion fruit syrup with ice. Strain into a copper mug or rocks glass filled with crushed ice. Top with bitters.",Mint sprig and orange wedge,Copper Mug or Rocks Glass,Monkey Bar (Multiple Cities)
Maaza-Wars,Signature,"Rum, Maaza (mango drink), lime, mint, soda","Build rum, Maaza, and lime juice in a highball glass over ice. Top with soda and stir.",Mint sprig,Highball,Monkey Bar (Multiple Cities)
Aacharoska,Social Signatures,"Vodka, lime juice, fresh mint, ginger, Indian lime pickle",Muddle ginger and mint with lime pickle. Add vodka and lime juice. Shake with ice and strain into a rocks glass.,Lime wedge and a touch of pickle,Rocks Glass,Social (Multiple Cities)
Deconstructed Moscow Mule,Social Signatures,"Vodka, ginger ale, bitters, lime","Served as a DIY kit. Pour vodka over ice, add lime juice and bitters. Top with ginger ale.",Lime wheel,Copper Mug or Jam Jar,Social (Multiple Cities)
L.L.I.I.T (Longest Long Island Iced Tea),Social Signatures,"Vodka, Gin, Tequila, Rum, Triple Sec, Cranberry juice, Apple juice",Combine all spirits and juices in a tall cylinder glass. Stir gently.,Lemon slice,1-litre cylinder glass,Social (Multiple Cities)
South Pacific Rim,Social Signatures,"Rum, Pineapple juice, Orange juice, Grenadine",Shake rum and juices with ice. Strain into a tiki-style glass or highball.,Pineapple leaf,Tiki Glass,Social (Multiple Cities)
Cosmo-Explosion,Social Signatures,"Vodka, Cranberry juice, Triple Sec, Cotton Candy","Shake vodka, cranberry, and triple sec. Pour over a glass filled with cotton candy.",Cotton candy,Martini Glass,Social (Multiple Cities)
