Name,Category,Ingredients,Instructions,Garnish,Glass,Source
Sidecar (House Version),Classic Signature,"Cognac; Bourbon; Roasted Corn; Lime Acid","Combine all ingredients in a shaker with ice; shake well; double strain into a chilled coupe","Sugared rim; lemon twist","Coupe","SIDECAR – GK2, New Delhi (sidecarindia.com)"
Yang's Old Fashioned,Stirred Spirit-Forward,"Bourbon Whiskey; House-made Bitters; Demerara Syrup; Orange Peel (expressed)","Build in a mixing glass with large ice; stir until well chilled; strain over a single large ice cube","Charred orange peel","Rock / Old Fashioned","SIDECAR – GK2, New Delhi"
Aunt Emily,Signature Creative,"Gin; Elderflower Liqueur; Cucumber Juice; Fresh Lime; House Cucumber Cordial","Shake all ingredients with ice; fine strain into chilled glass","Thin cucumber ribbon","Coupe","SIDECAR – GK2, New Delhi"
Dilli 6 Espresso Martini,Coffee Cocktail,"Espresso; Vodka; Coffee Liqueur; House Spice Syrup","Shake all ingredients vigorously with ice until frothy; fine strain into chilled glass","3 coffee beans","Martini / Coupe","SIDECAR – GK2, New Delhi"
Bhumi,Earthy Signature,"Mezcal; Beetroot Juice; Lime; Honey Syrup; Saline","Shake all with ice; double strain; serve up","Dehydrated beetroot chip","Nick & Nora","SIDECAR – GK2, New Delhi (ARQ menu)"
Barley,Low-ABV / Indian Ingredient,"Beer (light); Barley Water; Citrus; Honey","Build over ice; gentle stir; top with soda","Lemon wheel","Highball","SIDECAR – GK2, New Delhi (ARQ menu)"
Beet,Earthy Seasonal,"Vodka (beet-infused); Lemon; Cane Sugar Syrup; Egg White","Dry shake first; add ice; wet shake; fine strain","Dehydrated beet slice; dill sprig","Coupe","SIDECAR – GK2, New Delhi (ARQ menu)"
Betel,Indian Herbal,"Rum; Betel Leaf Extract; Lime Cordial; Clarified Butter Wash","Fat-washed spirit preparation; shake with ice; strain","Small betel leaf","Nick & Nora","SIDECAR – GK2, New Delhi (ARQ menu)"
Titepati,High-ABV / Herbal,"Mugwort (Titepati) Tincture; Bourbon; Dry Vermouth; Aromatic Bitters","Stir over ice; strain into chilled glass; 21.2% ABV serve","Mugwort leaf","Martini Glass","SIDECAR – GK2, New Delhi (ARQ menu)"
Tuk Tuk (Bangkok),Travel Signature,"Thai Basil-infused Gin; Coconut Water; Lemongrass Syrup; Lime; Kaffir Bitters","Shake with ice; fine strain into chilled coupe","Fresh Thai basil leaf; kaffir lime zest","Coupe","SIDECAR – GK2, New Delhi (Going Places menu)"
Paanch,Gin Citrus,"Turmeric-infused Gin; Fresh Ginger; Honey Syrup; Citrus (Lemon & Lime); Tonic Water","Combine gin, ginger, honey and citrus in shaker; shake; strain into ice-filled glass; top with tonic","Dried turmeric slice; mint sprig","Highball / Copa","Slink & Bardot – Worli, Mumbai"
Koli Echoes,Fruit & Umami,"Sake; Lychee Puree; Fresh Lime; Lychee Liqueur","Shake all ingredients with ice; fine strain into chilled coupe","Lychee sphere","Coupe","Slink & Bardot – Worli, Mumbai"
Bar-Do Mule,Spritzy / Fruity,"Vodka or Rum; Fresh Raspberry Puree; Lime Juice; Ginger Beer","Build in glass over ice; top with ginger beer; gentle stir","Raspberry; lime wheel; mint","Highball / Moscow Mule Copper Mug","Slink & Bardot – Worli, Mumbai"
Ready Steady,Rum & Fruit,"Short Story White Rum; Plantation Dark Rum; Chikoo (Sapodilla) Puree; Green Tea Clarified Milk; Indian Spices","Milk-clarify the blend by adding milk to spirit-tea mixture; strain through cheesecloth; serve over a single large ice cube","Dried chikoo chip","Rock / Lowball","O Pedro – BKC, Mumbai"
Marga Lisa,Spicy Tropical,"Tequila; Jalapeño; Habanero; Strawberry; Hibiscus Syrup; Coriander; Fresh Lime","Muddle chillies and coriander; add remaining ingredients; shake vigorously; fine strain into chilled glass","Dehydrated strawberry; chilli ring","Margarita / Coupe","O Pedro – BKC, Mumbai"
Nightwing,Stirred Japanese,"Japanese Whiskey; Plum Liqueur; Spiced Bitters; Demerara","Stir all ingredients with ice; strain over large ice cube","Skewered dried plum","Rock / Lowball","O Pedro – BKC, Mumbai"
Ziggy Zag,Savoury Martini,"Caper-infused Vodka (Ishka Farm Capers); Dry Vermouth; Caper Brine Rinse","Rinse chilled glass with caper brine; stir spirit and vermouth with ice; strain","Three skewered capers","Martini Glass","O Pedro – BKC, Mumbai"
Last Cucumber,Savoury Herbaceous,"Green Pea & Parsley-infused Short Story Vodka; Dill-infused Dry White Wine; Cucumber Pickle Brine; Honey-Pepper Syrup","Combine all in mixing glass; stir with ice; strain into chilled glass","Thin cucumber ribbon; dill frond","Nick & Nora / Martini","O Pedro – BKC, Mumbai"
Made in Heaven,Tropical Rum,"Aged Rum; Coconut Rum; Frozen Strawberries; Coconut Milk; Fresh Pineapple; Acid Solution","Blend strawberries and pineapple; combine with rums and coconut milk; shake with ice; fine strain","Toasted coconut flake; freeze-dried strawberry","Coupe / Coupette","SOKA Cocktail Bar – Indiranagar, Bengaluru"
Misunderstood B.J. (Bourbon Julep),Bourbon & Smoke,"Jim Beam Bourbon; Laphroaig Single Malt Scotch; Fresh Lime Juice; Sugar Syrup; Fresh Mint Leaves; Sparkling Wine; Aromatic Bitters","Muddle mint with sugar; add bourbon, Scotch, lime and bitters; shake with ice; strain; top with sparkling wine","Mint bouquet; charred lemon wheel","Julep Cup / Highball","SOKA Cocktail Bar – Indiranagar, Bengaluru"
I Blame Jasmine,Floral Gin,"Hapusa Gin; Tamras Gin; Aperol; Carbonated Jasmine Cordial (house-made)","Combine gins and Aperol; chill; carbonate with jasmine cordial; serve","Jasmine blossom","Wine Glass / Spritz Glass","SOKA Cocktail Bar – Indiranagar, Bengaluru"
Sakkath Martini (Next-Gen Martini),Spirit-Forward Martini,"Bulldog Gin; Extra Dry Vermouth; Choya Plum Wine; Herb Tincture (house-made)","Stir all ingredients with ice; fine strain into pre-chilled glass","Lemon zest twist","Martini Glass","SOKA Cocktail Bar – Indiranagar, Bengaluru"
3 Gin Vesper Martini,Spirit-Forward Martini,"Stranger & Sons Gin; Hapusa Himalayan Dry Gin; Greater Than London Dry Gin; Lillet Blanc; Saline Solution","Pre-dilute the three named gins with Lillet; freeze; pour directly from the frozen bottle into a chilled glass","Lemon twist","Martini Glass / Nick & Nora","Bar Spirit Forward – Lavelle Rd, Bengaluru"
Southern Star,Tequila & Fermented Fruit,"Tequila Blanco; Fermented Plum; Guava; Pickled Jalapeño Brine; Fresh Lime","Combine all in shaker; shake well; double strain into chilled coupe","Chilli-salted rim; lime wheel","Coupe","Bar Spirit Forward – Lavelle Rd, Bengaluru"
Campfire Old Fashioned,Stirred Whiskey,"Smoky Bourbon or Rye; Demerara Syrup; Hickory/Campfire Bitters; Expressed Orange Peel","Stir over large ice until well chilled; strain over large cube; express orange peel over glass","Charred orange peel","Rock / Old Fashioned","Bar Spirit Forward – Lavelle Rd, Bengaluru"
Old Cuban,Rum & Sparkling,"Dark Aged Rum; Fresh Lime Juice; Mint; Simple Syrup; Angostura Bitters; Prosecco","Muddle mint with syrup; add rum, lime, bitters and ice; shake; fine strain; top with prosecco","Mint sprig; lime wedge","Coupe / Flute","Bar Spirit Forward – Lavelle Rd, Bengaluru"
XOXO (Cholatails),Luxury Old Fashioned Riff,"XO Cognac; Peated Malt Whisky; Nannari (Indian Sarsaparilla) Syrup; Saffron Tincture","Build in mixing glass; stir with ice; strain over single large cube; accompany with chocolate cigar garnish","House-made chocolate cigar","Rock Glass / Lowball","The Cheroot Malt Bar – ITC Grand Chola, Chennai"
Puli (Cholatails),Tamarind Sour,"Whisky or Rum; Puli (Tamarind) Concentrate; Jaggery Syrup; Fresh Lime; Saline","Combine all; shake with ice; fine strain into chilled glass","Tamarind candy rim; dried chilli","Coupe","The Cheroot Malt Bar – ITC Grand Chola, Chennai"
Novel Sour (Cholatails),Aromatic Sour,"Brandy or Gin; Pisin (Basil Seed) Soaked Syrup; Egg White; Nannari Cordial; Citrus","Dry shake; wet shake with ice; fine strain; float pisin on foam surface","Bloomed basil seeds on foam","Coupe","The Cheroot Malt Bar – ITC Grand Chola, Chennai"
The Expedition (Cholatails),Herbal Adventure,"Rum; Long Pepper Tincture; Coconut Water; Local Grape Cola; Lime","Combine and shake; pour over ice; top with grape cola","Long pepper wheel; lime wedge","Highball","The Cheroot Malt Bar – ITC Grand Chola, Chennai"
Diddly Doo,Boozy Breakfast,"Lucifer Gold Whiskey; Freshly Squeezed Orange Juice; Malt & Beer Syrup; Amaro Abano","Combine whiskey, OJ, malt syrup and Amaro; shake; strain over ice","Dehydrated orange slice","Rocks / Tumbler","O Pedro – BKC, Mumbai"
Blue Pea Night,Negroni Riff,"Stranger & Sons Gin; Mezcal; Martini Dry Vermouth; Blue Pea Bitters","Stir all over ice; strain into chilled glass; pea bitters added last for colour","Blue pea flower","Nick & Nora","O Pedro – BKC, Mumbai"
Agave Love,Tequila Highball,"Tequila Reposado; Agave Syrup; Fresh Lime; Soda Water","Build in glass; combine tequila, agave and lime; stir; top with soda","Lime wedge; agave leaf sliver","Highball","Hodds Cocktail Bar – Hyatt Hyderabad Gachibowli, Hyderabad"
Negroni (Classic),Classic Cocktail,"Campari; Sweet Vermouth; Gin (equal parts)","Stir all equal parts over ice; strain into chilled glass","Orange peel twist","Old Fashioned / Rock Glass","Hodds Cocktail Bar – Hyatt Hyderabad Gachibowli, Hyderabad"
Hibiscus Lemonade,Mocktail / Zero-Proof,"Hibiscus Concentrate; Fresh Lemon Juice; Sugar Syrup; Soda Water; Dried Hibiscus Flowers","Shake hibiscus, lemon and syrup; strain over ice; top with soda","Dried hibiscus flower; lemon wheel","Highball / Collins","Babylon Kitchen & Bar – Jubilee Hills, Hyderabad"
Leather & Smoke,Malt & Cognac,"Single Malt Scotch; Aged Cognac; Oloroso Sherry; Chocolate Mole Bitters","Stir all over ice in mixing glass; strain into chilled glass over single cube","Dark chocolate sliver; cherry","Lowball / Rock","The Leather Bar – The Park Hotel, Chennai"
Sazerac (House),Classic Rye Cocktail,"Rye Whiskey; Absinthe (rinse); Peychaud's Bitters; Sugar Cube","Rinse chilled glass with absinthe; build sugar, bitters and whisky in mixing glass; stir; strain into rinsed glass","Lemon peel twist (discarded)","Old Fashioned (no ice)","Eau Bar – Oberoi Hotel, Mumbai (Marine Drive)"
Marine Drive (House Signature),Citrus Rum,"Dark Rum; Coconut Water; Fresh Lime; Cane Syrup; Soda","Build over ice; combine rum, coconut water, lime and syrup; top with soda","Shaved coconut; lime wedge","Highball","Eau Bar – Oberoi Hotel, Mumbai (Marine Drive)"
Rum Cha,Tea & Rum Highball,"Dark Rum; Darjeeling Tea Concentrate; Fresh Lemon; Cane Sugar Syrup; Soda","Shake rum, tea and lemon; fine strain into ice-filled glass; top with soda","Lemon slice; tea leaves","Highball / Collins","Dali & Gala Cocktail Bar – Museum Rd, Bengaluru"
Down & Dirty,Earthy / Mezcal,"Mezcal; Espadin Agave; Mudslide Bitters; Worm Salt Rim","Build in glass; smoky and short; serve on large cube","Worm salt rim; charred lime","Tumbler / Lowball","Dali & Gala Cocktail Bar – Museum Rd, Bengaluru"
Hellfire,Tequila & Spice,"Tequila Blanco; Ghost Chilli Tincture; Mango Puree; Fresh Lime; Agave","Shake all with ice; double strain through fine mesh","Chilli salt rim; dehydrated mango slice","Coupe","Bar Spirit Forward – Lavelle Rd, Bengaluru"
Tequila Old Fashioned Riff,Agave Stirred,"Tequila Añejo; Mezcal Float; Mole Bitters; Agave Syrup","Stir tequila, bitters and syrup over ice; strain; float mezcal on top","Charred orange peel; star anise","Old Fashioned Glass","Bombay Cocktail Bar – Andheri West, Mumbai"
Blueberry Bramble,Berry & Gin,"Gin; Fresh Lemon Juice; Sugar Syrup; Blackberry / Blueberry Liqueur (float)","Shake gin, lemon and syrup; pour over crushed ice; float berry liqueur over top","Fresh blueberries; lemon slice","Old Fashioned (crushed ice)","SIDECAR – GK2, New Delhi"
Watermelon Mule,Seasonal Fruit Highball,"Vodka; Fresh Watermelon Juice; Lime Juice; Ginger Beer; Mint","Shake vodka, watermelon and lime; pour over ice; top with ginger beer","Watermelon triangle; mint bouquet","Highball / Copper Mug","The Living Room Bar – Anna Nagar, Chennai"
MS Signature Speakeasy,Sour Spirit,"House Blended Whisky; Tamarind Cordial; Lemon; Egg White; Aromatic Bitters","Dry shake egg white and lemon; add spirits and cordial; wet shake with ice; fine strain","Tamarind candy on foam; dehydrated lemon","Coupe","MS Bar & Lounge – Esplanade, Kolkata"
Gondhoraj Collins,Bengali Citrus,"Gin; Gondhoraj Lime Juice; Simple Syrup; Soda Water","Combine gin, lime and syrup in shaker with ice; shake; strain into ice-filled glass; top with soda","Gondhoraj lime wedge; sprig of Bengali herbs","Highball / Collins","Little Bit Sober – Chowringhee, Kolkata"
Flora Spritzer,Low-ABV Floral,"Elderflower Liqueur; Prosecco or Sparkling Wine; Fresh Cucumber; Citrus Bitters","Build over ice; cucumber first; pour elderflower and sparkling wine; bitters on top","Edible flower; cucumber slice","Wine Glass / Copa","SIDECAR – GK2, New Delhi"
Caramel Brew,Low-ABV Coffee,"Coffee Liqueur; Cold Brew Concentrate; Caramel Syrup; Cream Float; Soda","Combine coffee liqueur, cold brew and caramel; top with soda; float cream","Three coffee beans","Highball","SIDECAR – GK2, New Delhi (Low ABV range)"
Woody Highball,Herbal Zero-Proof / Low-ABV,"Khas Khas (Vetiver) Syrup; Soda Water; Lime Juice; Mint","Build over ice; combine vetiver syrup and lime; top with soda; garnish","Mint sprig; vetiver straw","Highball","SIDECAR – GK2, New Delhi (Low ABV range)"
Tomato Highball,Savoury / Zero-Proof,"Cherry Tomato Shrub; Lime Juice; Black Salt; Soda Water","Build over ice; combine shrub, lime, black salt; top with soda","Cherry tomato on skewer; celery salt rim","Highball","SIDECAR – GK2, New Delhi (Low ABV range)"
Peak Hour,Herbal Gin Sour,"Gin; Fresh Coriander; Green Chilli; Lime Juice; Sugar Syrup","Muddle coriander and chilli; add gin, lime and syrup; shake; fine strain into chilled glass","Charred lime half; micro coriander","Nick & Nora","SIDECAR – GK2, New Delhi"
